﻿<parameters>

	<parameter name="Application Path" description="Full site path where you would like to install your application (i.e., Default Web Site/subtext)" defaultValue="Default Web Site/subtext" tags="iisapp">
		<parameterEntry type="ProviderPath" scope="iisapp" match="Subtext.Web" />
	</parameter>

	<!-- Prompts for database server name, this is used in the connection string parameter later -->
	<parameter name="Database Server" description="Location of your database server (i.e., localhost, .\SQLExpress, server name or IP address)." defaultValue=".\SQLExpress" tags="SQL,dbserver">
	</parameter>

	<!-- Prompts for the database name and fills it into the database scripts -->
	<parameter name="Database Name" description="Name of the database for your application." defaultValue="subtext" tags="SQL,dbname">
		<parameterEntry type="TextFile" scope="installSQL.sql" match="PlaceHolderForDb" />
	</parameter>

	<!-- Prompts for the database username and fills it into the database scripts.
	The MySQL and SQL tags indicate it is a parameter required for MySQL and SQL, the DbUsername tag indicates this is a Db username -->
	<parameter name="Database Username" description="Username to access your application database." defaultValue="subtextuser" tags="SQL, DbUsername">
		<parameterEntry type="TextFile" scope="installSQL.sql" match="PlaceHolderForUser" />
	</parameter>

	<!-- Prompts for the database password and fills it into the database scripts.
	The SQL tags indicate it is a parameter required for SQL, the DbUserPassword tag indicates this is a Db password -->
	<parameter name="Database Password" description="Password for the database username." tags="New, Password, SQL, DbUserPassword">
		<parameterEntry type="TextFile" scope="installSQL.sql" match="PlaceHolderForPassword" />
	</parameter>

	<!-- Prompts for the admin creds and uses it for the administrator connection string. 
	This is used to create a login and assign permissions. The SQL tag indicates it is a parameter required for SQL. 
	The DbAdminUsername tag indicates it should be used when the user is creating a new database. 
	If they're not, it can be filled in with the DbUsername value. -->
	<parameter name="Database Administrator" description="Administrator user name for your database." tags="SQL, DbAdminUsername">
	</parameter>

	<!-- Prompts for the admin password and uses it for the administrator connection string. 
	This is used to create a login and assign permissions. The SQL tags indicate it is a parameter required for SQL. 
	The DbAdminPassword tag indicates it should be used when the user is creating a new database. 
	If they're not, it can be filled in with the DbPassword value. -->
	<parameter name="Database Administrator Password" description="Password for the database administrator account." tags="Password, SQL, DbAdminPassword">
	</parameter>

	<!-- This is the admin connection string used to run the database scripts -->
	<parameter name="Connection String" description="Automatically sets the connection string for the connection request." defaultValue="Data Source={Database Server};Database={Database Name};uid={Database Administrator};Pwd={Database Administrator Password};" tags="Hidden">
	       	<parameterEntry type="ProviderPath" scope="dbfullSql" match="installSQL.sql" />
	</parameter>

	<!-- This is the connection string with the newly created db account that is used in the web.config -->
	<parameter name="Connection String For Config" description="Automatically sets the connection string for the web.config." defaultValue="Data Source={Database Server};Database={Database Name};uid={Database Username};Pwd={Database Password};" tags="Hidden"> 
        	<parameterEntry type="XmlFile" scope="\\web.config$" match="//connectionStrings/add/@connectionString" />
	</parameter>

	<!-- This is the parameter that is used to set ACLs, it's set to the application path \ public directory filled in by the user -->
	<parameter name="SetAclParameter1" description="Automatically sets write access for the application" defaultValue="{Application Path}/images" tags="Hidden">
		<parameterEntry type="ProviderPath" scope="setAcl" match="Subtext.Web/Images" /> 
	</parameter>
 
	<parameter name="SetAclParameter2" description="Automatically sets write access for the application" defaultValue="{Application Path}/App_Data" tags="Hidden">
            <parameterEntry type="ProviderPath" scope="setAcl" match="Subtext.Web/App_Data" /> 
	</parameter>

  <parameter name="Application URL postInstall" description="The URL hostname  of the application on the target box such as www.myserver.com  ." defaultValue="" tags="AppURL,Hidden,NoProtocol">
    <parameterEntry type="TextFile" scope="dbFullSql " match="localhost:?[0-9]+/?" />
  </parameter>

</parameters>